Date,Timestamp,Event,Repository,PR_Number,Lead_Time_Hours,Actor,Success,Notes
2024-09-02,2024-09-02 09:15:00,deployment,Disha67/DORAMETRICS,101,28,john-dev,true,User authentication feature
2024-09-03,2024-09-03 14:30:00,deployment,Disha67/DORAMETRICS,102,18,alice-dev,true,Payment gateway integration
2024-09-04,2024-09-04 10:45:00,incident,Disha67/DORAMETRICS,201,4,ops-team,true,Database connection timeout
2024-09-05,2024-09-05 11:20:00,deployment,Disha67/DORAMETRICS,103,32,bob-dev,true,Shopping cart improvements
2024-09-06,2024-09-06 15:10:00,deployment,Disha67/DORAMETRICS,104,22,alice-dev,true,Email notification system
2024-09-09,2024-09-09 09:00:00,deployment,Disha67/DORAMETRICS,105,26,john-dev,true,Dashboard redesign
2024-09-10,2024-09-10 13:45:00,deployment,Disha67/DORAMETRICS,106,19,bob-dev,true,Search functionality
2024-09-11,2024-09-11 10:30:00,incident,Disha67/DORAMETRICS,202,2,ops-team,true,API rate limit exceeded
2024-09-12,2024-09-12 14:20:00,deployment,Disha67/DORAMETRICS,107,24,alice-dev,true,Mobile responsive fixes
2024-09-13,2024-09-13 11:15:00,deployment,Disha67/DORAMETRICS,108,20,john-dev,true,Performance optimizations
2024-09-16,2024-09-16 09:30:00,deployment,Disha67/DORAMETRICS,109,29,bob-dev,true,Admin panel updates
2024-09-17,2024-09-17 14:00:00,deployment,Disha67/DORAMETRICS,110,21,alice-dev,true,Security patches
2024-09-18,2024-09-18 10:45:00,deployment,Disha67/DORAMETRICS,111,25,john-dev,true,Analytics integration
2024-09-19,2024-09-19 15:30:00,deployment,Disha67/DORAMETRICS,112,17,bob-dev,false,Database migration failed
2024-09-19,2024-09-19 17:45:00,incident,Disha67/DORAMETRICS,203,2,ops-team,true,Emergency rollback
2024-09-20,2024-09-20 09:00:00,deployment,Disha67/DORAMETRICS,113,16,alice-dev,true,Fixed migration script
2024-09-23,2024-09-23 10:20:00,deployment,Disha67/DORAMETRICS,114,23,john-dev,true,User profile enhancements
2024-09-24,2024-09-24 13:15:00,deployment,Disha67/DORAMETRICS,115,19,bob-dev,true,Notification preferences
2024-09-25,2024-09-25 11:40:00,deployment,Disha67/DORAMETRICS,116,27,alice-dev,true,File upload feature
2024-09-26,2024-09-26 14:50:00,deployment,Disha67/DORAMETRICS,117,22,john-dev,true,Social media sharing
2024-10-01,2024-10-01 09:45:00,deployment,Disha67/DORAMETRICS,120,20,john-dev,true,October updates
2024-10-02,2024-10-02 13:30:00,deployment,Disha67/DORAMETRICS,121,24,bob-dev,true,UI improvements
2024-10-03,2024-10-03 11:15:00,deployment,Disha67/DORAMETRICS,122,19,alice-dev,true,Backend optimizations
2024-10-04,2024-10-04 14:40:00,incident,Disha67/DORAMETRICS,204,6,ops-team,true,Memory leak detected
2024-10-07,2024-10-07 09:20:00,deployment,Disha67/DORAMETRICS,123,21,john-dev,true,Memory leak fix
2024-10-08,2024-10-08 10:55:00,deployment,Disha67/DORAMETRICS,124,18,bob-dev,true,Cache improvements
2024-10-11,2024-10-11 14:20:00,deployment,Disha67/DORAMETRICS,127,17,bob-dev,true,Logging improvements
2024-10-14,2024-10-14 09:15:00,deployment,Disha67/DORAMETRICS,128,26,alice-dev,true,Database indexing
2024-10-21,2024-10-21 09:30:00,deployment,Disha67/DORAMETRICS,133,28,bob-dev,true,Export functionality
2024-10-23,2024-10-23 13:20:00,incident,Disha67/DORAMETRICS,205,3,ops-team,true,API timeout issue
2024-11-04,2024-11-04 10:15:00,deployment,Disha67/DORAMETRICS,142,21,bob-dev,true,Security updates
2024-11-08,2024-11-08 09:35:00,incident,Disha67/DORAMETRICS,206,5,ops-team,true,SSL certificate expired
2024-11-12,2024-11-12 13:10:00,deployment,Disha67/DORAMETRICS,148,19,bob-dev,true,Bug fixes
2024-11-21,2024-11-21 14:15:00,incident,Disha67/DORAMETRICS,207,4,ops-team,true,Pod restart loop
2024-11-29,2024-11-29 09:25:00,incident,Disha67/DORAMETRICS,208,3,ops-team,true,High traffic overload
2024-12-02,2024-12-02 10:15:00,deployment,Disha67/DORAMETRICS,160,23,bob-dev,true,Traffic optimization
2024-12-06,2024-12-06 09:40:00,deployment,Disha67/DORAMETRICS,164,19,alice-dev,true,Wishlist functionality
2024-12-12,2024-12-12 14:20:00,incident,Disha67/DORAMETRICS,209,2,ops-team,true,Payment gateway down
2024-12-18,2024-12-18 11:15:00,deployment,Disha67/DORAMETRICS,172,19,bob-dev,true,Customer support chat
2024-12-20,2024-12-20 09:45:00,incident,Disha67/DORAMETRICS,210,6,ops-team,true,Database replica lag
2025-12-22,2025-12-22 18:57:09,deployment,Disha67/DORAMETRICS,1,24,Disha67,true,Sample deployment
2025-12-22,2025-12-22 18:58:57,deployment,Disha67/DORAMETRICS,1,24,Disha67,true,Sample deployment
